-- --------------------------------------------------------
-- Database: logistics_network
-- --------------------------------------------------------

/*!40101 SET @OLD_CHARACTER_SET_CLIENT=@@CHARACTER_SET_CLIENT */;
/*!40101 SET NAMES utf8 */;
/*!40014 SET @OLD_FOREIGN_KEY_CHECKS=@@FOREIGN_KEY_CHECKS, FOREIGN_KEY_CHECKS=0 */;
/*!40101 SET @OLD_SQL_MODE=@@SQL_MODE, SQL_MODE='NO_AUTO_VALUE_ON_ZERO' */;

-- Creazione database logistics_network
CREATE DATABASE IF NOT EXISTS `logistics_network` /*!40100 DEFAULT CHARACTER SET utf8 */;
USE `logistics_network`;

-- Drop tables se già esistono
DROP TABLE IF EXISTS `spedizione`;
DROP TABLE IF EXISTS `hub`;
DROP TABLE IF EXISTS `compagnia`;

-- Creazione tabella compagnia
CREATE TABLE `compagnia` (
  id BIGINT(20) NOT NULL PRIMARY KEY,
  codice VARCHAR(255) DEFAULT NULL,      -- codice abbreviato della compagnia, es. DHL
  nome VARCHAR(255) DEFAULT NULL      -- nome completo della compagnia
) ENGINE=InnoDB DEFAULT CHARSET=utf8;

-- Inserimento compagnie
LOCK TABLES `compagnia` WRITE;
/*!40000 ALTER TABLE `compagnia` DISABLE KEYS */;
INSERT INTO `compagnia` VALUES
(0,'DHL','DHL Express'),
(1,'UPS','United Parcel Service'),
(2,'FDX','FedEx'),
(3,'USPS','United States Postal Service'),
(4,'TNT','TNT Express');
/*!40000 ALTER TABLE `compagnia` ENABLE KEYS */;
UNLOCK TABLES;

-- Creazione tabella hub
CREATE TABLE `hub` (
  id BIGINT(20) NOT NULL PRIMARY KEY,
  codice VARCHAR(255) DEFAULT NULL,
  nome VARCHAR(255) DEFAULT NULL,
  citta VARCHAR(255) DEFAULT NULL,
  stato VARCHAR(255) DEFAULT NULL,
  latitudine DOUBLE DEFAULT NULL,
  longitudine DOUBLE DEFAULT NULL
) ENGINE=InnoDB DEFAULT CHARSET=utf8;

-- Inserimento hubs
LOCK TABLES `hub` WRITE;
/*!40000 ALTER TABLE `hub` DISABLE KEYS */;
INSERT INTO `hub` VALUES
(0,'NYC1','New York Distribution Center','New York','NY',40.7128,-74.0060),
(1,'CHI1','Chicago Central Hub','Chicago','IL',41.8781,-87.6298),
(2,'LA1','Los Angeles West Hub','Los Angeles','CA',34.0522,-118.2437),
(3,'DAL1','Dallas South Hub','Dallas','TX',32.7767,-96.7970),
(4,'ATL1','Atlanta East Hub','Atlanta','GA',33.7490,-84.3880),
(5,'MIA1','Miami Coastal Hub','Miami','FL',25.7617,-80.1918),
(6,'SEA1','Seattle Northwest Hub','Seattle','WA',47.6062,-122.3321),
(7,'DEN1','Denver Mountain Hub','Denver','CO',39.7392,-104.9903),
(8,'BOS1','Boston Northeast Hub','Boston','MA',42.3601,-71.0589),
(9,'PHX1','Phoenix Southwest Hub','Phoenix','AZ',33.4484,-112.0740),
(10,'SFO1','San Francisco Bay Hub','San Francisco','CA',37.7749,-122.4194),
(11,'CLT1','Charlotte SouthEast Hub','Charlotte','NC',35.2271,-80.8431),
(12,'DET1','Detroit Motor Hub','Detroit','MI',42.3314,-83.0458),
(13,'HOU1','Houston Gulf Hub','Houston','TX',29.7604,-95.3698),
(14,'MIN1','Minneapolis North Hub','Minneapolis','MN',44.9778,-93.2650),
(15,'PHL1','Philadelphia Liberty Hub','Philadelphia','PA',39.9526,-75.1652),
(16,'SDG1','San Diego Coastal Hub','San Diego','CA',32.7157,-117.1611),
(17,'STL1','St. Louis Gateway Hub','St. Louis','MO',38.6270,-90.1994),
(18,'POR1','Portland Northwest Hub','Portland','OR',45.5051,-122.6750),
(19,'ORL1','Orlando Central Hub','Orlando','FL',28.5383,-81.3792),
(20,'LV1','Las Vegas Desert Hub','Las Vegas','NV',36.1699,-115.1398),
(21,'SAC1','Sacramento Valley Hub','Sacramento','CA',38.5816,-121.4944),
(22,'IND1','Indianapolis Circle Hub','Indianapolis','IN',39.7684,-86.1581),
(23,'KAN1','Kansas City Hub','Kansas City','MO',39.0997,-94.5786),
(24,'NSH1','Nashville Music Hub','Nashville','TN',36.1627,-86.7816),
(25,'PORC1','Portsmouth Atlantic Hub','Portsmouth','NH',43.0718,-70.7626),
(26,'BUF1','Buffalo Niagara Hub','Buffalo','NY',42.8864,-78.8784),
(27,'BAL1','Baltimore Harbor Hub','Baltimore','MD',39.2904,-76.6122),
(28,'RIC1','Richmond Capital Hub','Richmond','VA',37.5407,-77.4360),
(29,'CIN1','Cincinnati River Hub','Cincinnati','OH',39.1031,-84.5120),
(30,'CLE1','Cleveland Great Lakes Hub','Cleveland','OH',41.4993,-81.6944),
(31,'TOL1','Toledo Port Hub','Toledo','OH',41.6528,-83.5379),
(32,'ALB1','Albany North East Hub','Albany','NY',42.6526,-73.7562),
(33,'PIT1','Pittsburgh Steel Hub','Pittsburgh','PA',40.4406,-79.9959),
(34,'JAX1','Jacksonville River Hub','Jacksonville','FL',30.3322,-81.6557),
(35,'MEM1','Memphis Blues Hub','Memphis','TN',35.1495,-90.0490),
(36,'CLE2','Cincinnati West Hub','Cleveland','OH',41.4993,-81.6944),
(37,'SJC1','San Jose Silicon Hub','San Jose','CA',37.3382,-121.8863),
(38,'OAK1','Oakland Bay Hub','Oakland','CA',37.8044,-122.2711),
(39,'SDC1','Salt Lake City Hub','Salt Lake City','UT',40.7608,-111.8910),
(40,'RCH1','Rochester Finger Lakes Hub','Rochester','NY',43.1566,-77.6088),
(41,'SPS1','Wichita Falls Hub','Wichita Falls','TX',33.9137,-98.4934),
(42,'TUL1','Tulsa Plains Hub','Tulsa','OK',36.1539,-95.9928),
(43,'OKC1','Oklahoma City Hub','Oklahoma City','OK',35.4676,-97.5164),
(44,'LUB1','Lubbock West Hub','Lubbock','TX',33.5779,-101.8552),
(45,'FRE1','Fresno Central Hub','Fresno','CA',36.7378,-119.7871),
(46,'CHA1','Chattanooga River Hub','Chattanooga','TN',35.0456,-85.3097),
(47,'ROA1','Roanoke Mountain Hub','Roanoke','VA',37.2709,-79.9414),
(48,'SAV1','Savannah Coastal Hub','Savannah','GA',32.0809,-81.0912),
(49,'TUS1','Tucson Desert Hub','Tucson','AZ',32.2226,-110.9747);
/*!40000 ALTER TABLE `hub` ENABLE KEYS */;
UNLOCK TABLES;

-- Creazione tabella spedizione
CREATE TABLE `spedizione` (
  id BIGINT(20) NOT NULL PRIMARY KEY,
  id_compagnia BIGINT(20) NOT NULL,
  numero_tracking VARCHAR(255) DEFAULT NULL,
  id_hub_origine BIGINT(20) NOT NULL,
  id_hub_destinazione BIGINT(20) NOT NULL,
  data_ritiro_programmata DATETIME DEFAULT NULL,
  distanza BIGINT(20) DEFAULT NULL,
  data_consegna DATETIME DEFAULT NULL,
  valore_merce FLOAT DEFAULT NULL, -- valore della merce in euro
  FOREIGN KEY (id_compagnia) REFERENCES compagnia(id) ON DELETE CASCADE,
  FOREIGN KEY (id_hub_origine) REFERENCES hub(id) ON DELETE CASCADE,
  FOREIGN KEY (id_hub_destinazione) REFERENCES hub(id) ON DELETE CASCADE,
  INDEX idx_id_compagnia (id_compagnia),
  INDEX idx_id_hub_origine (id_hub_origine),
  INDEX idx_id_hub_destinazione (id_hub_destinazione)
) ENGINE=InnoDB DEFAULT CHARSET=utf8;

-- Inserimento spedizioni
LOCK TABLES `spedizione` WRITE;
/*!40000 ALTER TABLE `spedizione` DISABLE KEYS */;
INSERT INTO `spedizione`
(`id`, `id_compagnia`, `numero_tracking`, `id_hub_origine`, `id_hub_destinazione`, `data_ritiro_programmata`, `distanza`, `data_consegna`, `valore_merce`)
VALUES
(0, 1, 'TRK0001', 0, 1, '2025-11-22 08:00:00', 800, '2025-11-22 10:00:00', 100),
(1, 2, 'TRK0002', 1, 2, '2025-11-22 09:00:00', 600, '2025-11-22 12:00:00', 150),
(2, 3, 'TRK0003', 2, 3, '2025-11-22 07:30:00', 950, '2025-11-22 10:50:00', 200),
(3, 4, 'TRK0004', 3, 4, '2025-11-22 06:45:00', 700, '2025-11-22 09:15:00', 250),
(4, 0, 'TRK0005', 4, 5, '2025-11-22 11:00:00', 400, '2025-11-22 12:40:00', 300),
(5, 1, 'TRK0006', 5, 6, '2025-11-22 12:30:00', 300, '2025-11-22 14:00:00', 350),
(6, 2, 'TRK0007', 6, 7, '2025-11-22 08:15:00', 500, '2025-11-22 10:25:00', 400),
(7, 3, 'TRK0008', 7, 8, '2025-11-22 07:00:00', 450, '2025-11-22 08:50:00', 450),
(8, 4, 'TRK0009', 8, 9, '2025-11-22 09:45:00', 400, '2025-11-22 11:20:00', 500),
(9, 0, 'TRK0010', 9, 10, '2025-11-22 10:00:00', 350, '2025-11-22 11:20:00', 550),
(10, 1, 'TRK0011', 10, 0, '2025-11-22 08:30:00', 700, '2025-11-22 10:50:00', 100),
(11, 2, 'TRK0012', 1, 3, '2025-11-22 09:15:00', 600, '2025-11-22 11:55:00', 150),
(12, 3, 'TRK0013', 2, 4, '2025-11-22 07:50:00', 500, '2025-11-22 09:50:00', 200),
(13, 4, 'TRK0014', 3, 5, '2025-11-22 06:30:00', 800, '2025-11-22 09:30:00', 250),
(14, 0, 'TRK0015', 4, 6, '2025-11-22 11:20:00', 450, '2025-11-22 12:50:00', 300),
(15, 1, 'TRK0016', 5, 7, '2025-11-22 12:10:00', 600, '2025-11-22 14:40:00', 350),
(16, 2, 'TRK0017', 6, 8, '2025-11-22 08:40:00', 550, '2025-11-22 10:50:00', 400),
(17, 3, 'TRK0018', 7, 9, '2025-11-22 07:25:00', 450, '2025-11-22 09:15:00', 450),
(18, 4, 'TRK0019', 8, 10, '2025-11-22 09:10:00', 500, '2025-11-22 11:30:00', 500),
(19, 0, 'TRK0020', 9, 0, '2025-11-22 10:20:00', 400, '2025-11-22 12:20:00', 550),
(20, 1, 'TRK0021', 0, 2, '2025-11-22 08:15:00', 650, '2025-11-22 11:15:00', 100),
(21, 2, 'TRK0022', 1, 4, '2025-11-22 09:40:00', 600, '2025-11-22 12:20:00', 150),
(22, 3, 'TRK0023', 2, 5, '2025-11-22 07:20:00', 500, '2025-11-22 09:50:00', 200),
(23, 4, 'TRK0024', 3, 6, '2025-11-22 06:55:00', 700, '2025-11-22 09:25:00', 250),
(24, 0, 'TRK0025', 4, 7, '2025-11-22 11:30:00', 400, '2025-11-22 13:10:00', 300),
(25, 1, 'TRK0026', 5, 8, '2025-11-22 12:05:00', 450, '2025-11-22 13:55:00', 350),
(26, 2, 'TRK0027', 6, 9, '2025-11-22 08:10:00', 500, '2025-11-22 10:10:00', 400),
(27, 3, 'TRK0028', 7, 10, '2025-11-22 07:50:00', 550, '2025-11-22 10:00:00', 450),
(28, 4, 'TRK0029', 8, 0, '2025-11-22 09:00:00', 600, '2025-11-22 11:20:00', 500),
(29, 0, 'TRK0030', 9, 1, '2025-11-22 10:10:00', 650, '2025-11-22 12:40:00', 550),
(30, 1, 'TRK0031', 0, 3, '2025-11-22 08:30:00', 400, '2025-11-22 10:10:00', 100),
(31, 2, 'TRK0032', 1, 5, '2025-11-22 09:45:00', 500, '2025-11-22 11:45:00', 150),
(32, 3, 'TRK0033', 2, 6, '2025-11-22 07:35:00', 450, '2025-11-22 09:25:00', 200),
(33, 4, 'TRK0034', 3, 7, '2025-11-22 06:50:00', 500, '2025-11-22 09:00:00', 250),
(34, 0, 'TRK0035', 4, 8, '2025-11-22 11:05:00', 550, '2025-11-22 13:25:00', 300),
(35, 1, 'TRK0036', 5, 9, '2025-11-22 12:15:00', 600, '2025-11-22 14:45:00', 350),
(36, 2, 'TRK0037', 6, 0, '2025-11-22 08:40:00', 500, '2025-11-22 10:40:00', 400),
(37, 3, 'TRK0038', 7, 1, '2025-11-22 07:20:00', 550, '2025-11-22 09:30:00', 450),
(38, 4, 'TRK0039', 8, 2, '2025-11-22 09:10:00', 450, '2025-11-22 11:00:00', 500),
(39, 0, 'TRK0040', 9, 3, '2025-11-22 10:25:00', 500, '2025-11-22 12:25:00', 550),
(40, 1, 'TRK0041', 0, 4, '2025-11-22 08:15:00', 600, '2025-11-22 10:35:00', 100),
(41, 2, 'TRK0042', 1, 6, '2025-11-22 09:05:00', 650, '2025-11-22 11:35:00', 150),
(42, 3, 'TRK0043', 2, 7, '2025-11-22 07:25:00', 500, '2025-11-22 09:25:00', 200),
(43, 4, 'TRK0044', 3, 8, '2025-11-22 06:45:00', 550, '2025-11-22 09:05:00', 250),
(44, 0, 'TRK0045', 4, 9, '2025-11-22 11:20:00', 600, '2025-11-22 13:40:00', 300),
(45, 1, 'TRK0046', 5, 10, '2025-11-22 12:10:00', 650, '2025-11-22 14:40:00', 350),
(46, 2, 'TRK0047', 6, 1, '2025-11-22 08:30:00', 450, '2025-11-22 10:20:00', 400),
(47, 3, 'TRK0048', 7, 2, '2025-11-22 07:50:00', 500, '2025-11-22 09:50:00', 450),
(48, 4, 'TRK0049', 8, 3, '2025-11-22 09:10:00', 550, '2025-11-22 11:20:00', 500),
(49, 0, 'TRK0050', 9, 4, '2025-11-22 10:05:00', 600, '2025-11-22 12:25:00', 550),
(50, 1, 'TRK0051', 0, 5, '2025-11-22 08:20:00', 650, '2025-11-22 10:50:00', 100),
(51, 2, 'TRK0052', 1, 6, '2025-11-22 09:40:00', 500, '2025-11-22 11:40:00', 150),
(52, 3, 'TRK0053', 2, 7, '2025-11-22 07:30:00', 550, '2025-11-22 09:40:00', 200),
(53, 4, 'TRK0054', 3, 8, '2025-11-22 06:55:00', 600, '2025-11-22 09:25:00', 250),
(54, 0, 'TRK0055', 4, 9, '2025-11-22 11:10:00', 650, '2025-11-22 13:40:00', 300),
(55, 1, 'TRK0056', 5, 10, '2025-11-22 12:00:00', 500, '2025-11-22 14:00:00', 350),
(56, 2, 'TRK0057', 6, 1, '2025-11-22 08:25:00', 550, '2025-11-22 10:35:00', 400),
(57, 3, 'TRK0058', 7, 2, '2025-11-22 07:35:00', 600, '2025-11-22 09:55:00', 450),
(58, 4, 'TRK0059', 8, 3, '2025-11-22 09:05:00', 650, '2025-11-22 11:35:00', 500),
(59, 0, 'TRK0060', 9, 4, '2025-11-22 10:15:00', 500, '2025-11-22 12:15:00', 550),
(60, 1, 'TRK0061', 0, 5, '2025-11-22 08:00:00', 550, '2025-11-22 10:10:00', 100),
(61, 2, 'TRK0062', 1, 6, '2025-11-22 09:20:00', 600, '2025-11-22 11:40:00', 150),
(62, 3, 'TRK0063', 2, 7, '2025-11-22 07:25:00', 650, '2025-11-22 09:55:00', 200),
(63, 4, 'TRK0064', 3, 8, '2025-11-22 06:40:00', 500, '2025-11-22 09:00:00', 250),
(64, 0, 'TRK0065', 4, 9, '2025-11-22 11:05:00', 550, '2025-11-22 13:15:00', 300),
(65, 1, 'TRK0066', 5, 10, '2025-11-22 12:10:00', 600, '2025-11-22 14:30:00', 350),
(66, 2, 'TRK0067', 6, 1, '2025-11-22 08:10:00', 650, '2025-11-22 10:40:00', 400),
(67, 3, 'TRK0068', 7, 2, '2025-11-22 07:45:00', 500, '2025-11-22 09:45:00', 450),
(68, 4, 'TRK0069', 8, 3, '2025-11-22 09:00:00', 550, '2025-11-22 11:10:00', 500),
(69, 0, 'TRK0070', 9, 4, '2025-11-22 10:05:00', 600, '2025-11-22 12:25:00', 550),
(70, 1, 'TRK0071', 0, 5, '2025-11-22 08:20:00', 650, '2025-11-22 10:50:00', 100),
(71, 2, 'TRK0072', 1, 6, '2025-11-22 09:40:00', 500, '2025-11-22 11:40:00', 150),
(72, 3, 'TRK0073', 2, 7, '2025-11-22 07:30:00', 550, '2025-11-22 09:40:00', 200),
(73, 4, 'TRK0074', 3, 8, '2025-11-22 06:55:00', 600, '2025-11-22 09:25:00', 250),
(74, 0, 'TRK0075', 4, 9, '2025-11-22 11:10:00', 650, '2025-11-22 13:40:00', 300),
(75, 1, 'TRK0076', 5, 10, '2025-11-22 12:00:00', 500, '2025-11-22 14:00:00', 350),
(76, 2, 'TRK0077', 6, 1, '2025-11-22 08:25:00', 550, '2025-11-22 10:35:00', 400),
(77, 3, 'TRK0078', 7, 2, '2025-11-22 07:35:00', 600, '2025-11-22 09:55:00', 450),
(78, 4, 'TRK0079', 8, 3, '2025-11-22 09:05:00', 650, '2025-11-22 11:35:00', 500),
(79, 0, 'TRK0080', 9, 4, '2025-11-22 10:15:00', 500, '2025-11-22 12:15:00', 550),
(80, 1, 'TRK0081', 0, 5, '2025-11-22 08:00:00', 550, '2025-11-22 10:10:00', 100),
(81, 2, 'TRK0082', 1, 6, '2025-11-22 09:20:00', 600, '2025-11-22 11:40:00', 150),
(82, 3, 'TRK0083', 2, 7, '2025-11-22 07:25:00', 650, '2025-11-22 09:55:00', 200),
(83, 4, 'TRK0084', 3, 8, '2025-11-22 06:40:00', 500, '2025-11-22 09:00:00', 250),
(84, 0, 'TRK0085', 4, 9, '2025-11-22 11:05:00', 550, '2025-11-22 13:15:00', 300),
(85, 1, 'TRK0086', 5, 10, '2025-11-22 12:10:00', 600, '2025-11-22 14:30:00', 350),
(86, 2, 'TRK0087', 6, 1, '2025-11-22 08:10:00', 650, '2025-11-22 10:40:00', 400),
(87, 3, 'TRK0088', 7, 2, '2025-11-22 07:45:00', 500, '2025-11-22 09:45:00', 450),
(88, 4, 'TRK0089', 8, 3, '2025-11-22 09:00:00', 550, '2025-11-22 11:10:00', 500),
(89, 0, 'TRK0090', 9, 4, '2025-11-22 10:05:00', 600, '2025-11-22 12:25:00', 550),
(90, 1, 'TRK0091', 0, 5, '2025-11-22 08:20:00', 650, '2025-11-22 10:50:00', 100),
(91, 2, 'TRK0092', 1, 6, '2025-11-22 09:40:00', 500, '2025-11-22 11:40:00', 150),
(92, 3, 'TRK0093', 2, 7, '2025-11-22 07:30:00', 550, '2025-11-22 09:40:00', 200),
(93, 4, 'TRK0094', 3, 8, '2025-11-22 06:55:00', 600, '2025-11-22 09:25:00', 250),
(94, 0, 'TRK0095', 4, 9, '2025-11-22 11:10:00', 650, '2025-11-22 13:40:00', 300),
(95, 1, 'TRK0096', 5, 10, '2025-11-22 12:00:00', 500, '2025-11-22 14:00:00', 350),
(96, 2, 'TRK0097', 6, 1, '2025-11-22 08:25:00', 550, '2025-11-22 10:35:00', 400),
(97, 3, 'TRK0098', 7, 2, '2025-11-22 07:35:00', 600, '2025-11-22 09:55:00', 450),
(98, 4, 'TRK0099', 8, 3, '2025-11-22 09:05:00', 650, '2025-11-22 11:35:00', 500),
(99, 0, 'TRK0100', 9, 4, '2025-11-22 10:15:00', 500, '2025-11-22 12:15:00', 550),
(100, 1, 'TRK0101', 10, 11, '2025-11-22 06:30:00', 500, '2025-11-22 08:30:00', 150),
(102, 3, 'TRK0103', 11, 10, '2025-11-22 07:20:00', 500, '2025-11-22 09:05:00', 180),
(103, 4, 'TRK0104', 11, 10, '2025-11-22 08:10:00', 500, '2025-11-22 10:30:00', 220),
(104, 0, 'TRK0105', 10, 11, '2025-11-22 09:00:00', 500, '2025-11-22 10:55:00', 250),
(105, 1, 'TRK0106', 10, 11, '2025-11-22 10:00:00', 500, '2025-11-22 12:00:00', 300),
(106, 2, 'TRK0107', 11, 10, '2025-11-22 10:30:00', 500, '2025-11-22 12:40:00', 350),
(107, 3, 'TRK0108', 11, 10, '2025-11-22 11:00:00', 500, '2025-11-22 13:05:00', 400),
(108, 4, 'TRK0109', 10, 11, '2025-11-22 11:30:00', 500, '2025-11-22 13:50:00', 450),
(109, 0, 'TRK0110', 10, 11, '2025-11-22 12:00:00', 500, '2025-11-22 14:15:00', 500),
(110, 0, 'TRK0111', 10, 12, '2025-11-22 06:15:00', 600, '2025-11-22 08:15:00', 200),
(111, 1, 'TRK0112', 10, 12, '2025-11-22 07:00:00', 600, '2025-11-22 09:10:00', 250),
(112, 2, 'TRK0113', 10, 12, '2025-11-22 08:00:00', 600, '2025-11-22 10:05:00', 300),
(113, 3, 'TRK0114', 12, 10, '2025-11-22 06:30:00', 600, '2025-11-22 08:30:00', 220),
(114, 4, 'TRK0115', 12, 10, '2025-11-22 07:45:00', 600, '2025-11-22 09:55:00', 270),
(115, 0, 'TRK0116', 12, 10, '2025-11-22 09:00:00', 600, '2025-11-22 11:05:00', 320),
(116, 1, 'TRK0117', 13, 15, '2025-11-22 06:45:00', 700, '2025-11-22 09:05:00', 300),
(117, 2, 'TRK0118', 13, 15, '2025-11-22 07:30:00', 700, '2025-11-22 09:45:00', 350),
(118, 3, 'TRK0119', 15, 13, '2025-11-22 08:15:00', 700, '2025-11-22 10:25:00', 400),
(119, 4, 'TRK0120', 15, 13, '2025-11-22 06:50:00', 700, '2025-11-22 09:10:00', 320),
(120, 0, 'TRK0121', 15, 13, '2025-11-22 07:40:00', 700, '2025-11-22 09:55:00', 370),
(121, 1, 'TRK0122', 13, 15, '2025-11-22 08:20:00', 700, '2025-11-22 10:30:00', 420),
(122, 2, 'TRK0123', 40, 23, '2025-11-22 06:15:00', 900, '2025-11-22 08:45:00', 400),
(123, 3, 'TRK0124', 23, 40, '2025-11-22 07:30:00', 900, '2025-11-22 10:05:00', 450),
(124, 4, 'TRK0125', 40, 23, '2025-11-22 08:00:00', 900, '2025-11-22 10:20:00', 500),
(125, 0, 'TRK0126', 23, 40, '2025-11-22 06:45:00', 900, '2025-11-22 09:15:00', 420),
(126, 1, 'TRK0127', 23, 40, '2025-11-22 07:30:00', 900, '2025-11-22 10:05:00', 470),
(127, 2, 'TRK0128', 40, 23, '2025-11-22 08:15:00', 900, '2025-11-22 10:35:00', 520),
(128, 0, 'TRK0129', 16, 17, '2025-11-22 06:20:00', 500, '2025-11-22 08:20:00', 200),
(129, 1, 'TRK0130', 16, 17, '2025-11-22 07:00:00', 500, '2025-11-22 09:10:00', 250),
(130, 2, 'TRK0131', 16, 17, '2025-11-22 08:10:00', 500, '2025-11-22 10:15:00', 300),
(131, 3, 'TRK0132', 17, 16, '2025-11-22 06:45:00', 500, '2025-11-22 08:45:00', 220),
(132, 4, 'TRK0133', 17, 16, '2025-11-22 07:30:00', 500, '2025-11-22 09:40:00', 270),
(133, 0, 'TRK0134', 17, 16, '2025-11-22 08:15:00', 500, '2025-11-22 10:20:00', 320),
(134, 1, 'TRK0135', 17, 18, '2025-11-22 06:15:00', 450, '2025-11-22 08:10:00', 210),
(135, 2, 'TRK0136', 17, 18, '2025-11-22 07:05:00', 450, '2025-11-22 09:05:00', 260),
(136, 3, 'TRK0137', 17, 18, '2025-11-22 08:00:00', 450, '2025-11-22 10:05:00', 300),
(137, 4, 'TRK0138', 18, 17, '2025-11-22 06:25:00', 450, '2025-11-22 08:20:00', 220),
(138, 0, 'TRK0139', 18, 17, '2025-11-22 07:10:00', 450, '2025-11-22 09:10:00', 270),
(139, 1, 'TRK0140', 18, 17, '2025-11-22 08:05:00', 450, '2025-11-22 10:10:00', 310),
(140, 2, 'TRK0141', 18, 19, '2025-11-22 06:20:00', 500, '2025-11-22 08:30:00', 240),
(141, 3, 'TRK0142', 18, 19, '2025-11-22 07:15:00', 500, '2025-11-22 09:30:00', 280),
(142, 4, 'TRK0143', 18, 19, '2025-11-22 08:10:00', 500, '2025-11-22 10:30:00', 320),
(143, 0, 'TRK0144', 19, 18, '2025-11-22 06:35:00', 500, '2025-11-22 08:45:00', 250),
(144, 1, 'TRK0145', 19, 18, '2025-11-22 07:25:00', 500, '2025-11-22 09:40:00', 290),
(145, 2, 'TRK0146', 19, 18, '2025-11-22 08:15:00', 500, '2025-11-22 10:35:00', 330),
(146, 0, 'TRK0147', 30, 31, '2025-11-22 06:40:00', 400, '2025-11-22 08:30:00', 220),
(147, 1, 'TRK0148', 30, 31, '2025-11-22 07:15:00', 400, '2025-11-22 09:10:00', 250),
(148, 2, 'TRK0149', 30, 31, '2025-11-22 08:00:00', 400, '2025-11-22 10:00:00', 280),
(149, 3, 'TRK0150', 31, 30, '2025-11-22 06:50:00', 400, '2025-11-22 08:40:00', 230),
(150, 4, 'TRK0151', 31, 30, '2025-11-22 07:25:00', 400, '2025-11-22 09:20:00', 260),
(151, 0, 'TRK0152', 31, 30, '2025-11-22 08:10:00', 400, '2025-11-22 10:10:00', 290),
(152, 1, 'TRK0153', 32, 33, '2025-11-22 06:30:00', 450, '2025-11-22 08:35:00', 240),
(153, 2, 'TRK0154', 32, 33, '2025-11-22 07:10:00', 450, '2025-11-22 09:20:00', 270),
(154, 3, 'TRK0155', 32, 33, '2025-11-22 08:00:00', 450, '2025-11-22 10:15:00', 300),
(155, 4, 'TRK0156', 33, 32, '2025-11-22 06:45:00', 450, '2025-11-22 08:50:00', 250),
(156, 0, 'TRK0157', 33, 32, '2025-11-22 07:30:00', 450, '2025-11-22 09:40:00', 280),
(157, 1, 'TRK0158', 33, 32, '2025-11-22 08:10:00', 450, '2025-11-22 10:25:00', 310),
(158, 0, 'TRK0159', 41, 42, '2025-11-22 06:30:00', 500, '2025-11-22 08:40:00', 250),
(159, 1, 'TRK0160', 41, 42, '2025-11-22 07:10:00', 500, '2025-11-22 09:25:00', 280),
(160, 2, 'TRK0161', 41, 42, '2025-11-22 08:00:00', 500, '2025-11-22 10:20:00', 300),
(161, 3, 'TRK0162', 42, 41, '2025-11-22 06:50:00', 500, '2025-11-22 08:50:00', 260),
(162, 4, 'TRK0163', 42, 41, '2025-11-22 07:30:00', 500, '2025-11-22 09:45:00', 290),
(163, 0, 'TRK0164', 42, 41, '2025-11-22 08:15:00', 500, '2025-11-22 10:35:00', 320),
(164, 1, 'TRK0165', 43, 44, '2025-11-22 06:40:00', 450, '2025-11-22 08:45:00', 240),
(165, 2, 'TRK0166', 43, 44, '2025-11-22 07:15:00', 450, '2025-11-22 09:25:00', 270),
(166, 3, 'TRK0167', 43, 44, '2025-11-22 08:05:00', 450, '2025-11-22 10:20:00', 300),
(167, 4, 'TRK0168', 44, 43, '2025-11-22 06:55:00', 450, '2025-11-22 09:00:00', 250),
(168, 0, 'TRK0169', 44, 43, '2025-11-22 07:40:00', 450, '2025-11-22 09:50:00', 280),
(169, 1, 'TRK0170', 44, 43, '2025-11-22 08:20:00', 450, '2025-11-22 10:35:00', 310);
/*!40000 ALTER TABLE `spedizione` ENABLE KEYS */;
UNLOCK TABLES;

/*!40101 SET SQL_MODE=IFNULL(@OLD_SQL_MODE, '') */;
/*!40014 SET FOREIGN_KEY_CHECKS=IF(@OLD_FOREIGN_KEY_CHECKS IS NULL, 1, @OLD_FOREIGN_KEY_CHECKS) */;
/*!40101 SET CHARACTER_SET_CLIENT=@OLD_CHARACTER_SET_CLIENT */;
